{"cameraMode":{"drawMode":0,"name":"Shaded","section":"Shading Mode"},"sceneLighting":false,"audioPlay":false,"sceneViewState":{"showFog":true,"showMaterialUpdate":false,"showSkybox":false,"showFlares":true,"showImageEffects":true,"showParticleSystems":true},"in2DMode":false,"pivot":{"x":149.14967346191407,"y":-9.532974243164063,"z":31.126850128173829},"rotation":{"x":-0.051578324288129809,"y":0.9412513971328735,"z":-0.1683623343706131,"w":-0.2881658375263214},"size":2.191176176071167,"orthographic":false}