{"cameraMode":{"drawMode":0,"name":"Shaded","section":"Shading Mode"},"sceneLighting":true,"audioPlay":false,"sceneViewState":{"showFog":false,"showMaterialUpdate":false,"showSkybox":false,"showFlares":false,"showImageEffects":false,"showParticleSystems":false},"in2DMode":false,"pivot":{"x":-150.0126495361328,"y":0.44400492310523989,"z":-32.650245666503909},"rotation":{"x":0.001080070622265339,"y":0.9714186787605286,"z":-0.00436891196295619,"w":0.2373301088809967},"size":22.0,"orthographic":true}