{"cameraMode":{"drawMode":0,"name":"Shaded","section":"Shading Mode"},"sceneLighting":true,"audioPlay":false,"sceneViewState":{"showFog":false,"showMaterialUpdate":false,"showSkybox":false,"showFlares":false,"showImageEffects":false,"showParticleSystems":false},"in2DMode":false,"pivot":{"x":-230.0004425048828,"y":1.8900079727172852,"z":-225.85052490234376},"rotation":{"x":0.03592749685049057,"y":-0.7352824211120606,"z":0.03906736895442009,"w":0.6756794452667236},"size":32.08892822265625,"orthographic":true}