{"cameraMode":{"drawMode":0,"name":"Shaded","section":"Shading Mode"},"sceneLighting":false,"audioPlay":false,"sceneViewState":{"showFog":true,"showMaterialUpdate":false,"showSkybox":false,"showFlares":true,"showImageEffects":true,"showParticleSystems":true},"in2DMode":false,"pivot":{"x":206.29896545410157,"y":1.646151065826416,"z":122.85596466064453},"rotation":{"x":-0.0010171018075197936,"y":0.9987527132034302,"z":-0.044074781239032748,"w":-0.023440644145011903},"size":22.0,"orthographic":true}