{"cameraMode":{"drawMode":0,"name":"Shaded","section":"Shading Mode"},"sceneLighting":true,"audioPlay":false,"sceneViewState":{"showFog":true,"showMaterialUpdate":false,"showSkybox":true,"showFlares":true,"showImageEffects":true,"showParticleSystems":true},"in2DMode":false,"pivot":{"x":78.05197143554688,"y":260.7058410644531,"z":0.0},"rotation":{"x":0.02130737714469433,"y":-0.009317717514932156,"z":0.000129225809359923,"w":0.9997296333312988},"size":65.3531723022461,"orthographic":false}