{"cameraMode":{"drawMode":0,"name":"Shaded","section":"Shading Mode"},"sceneLighting":true,"audioPlay":false,"sceneViewState":{"showFog":true,"showMaterialUpdate":false,"showSkybox":true,"showFlares":true,"showImageEffects":true,"showParticleSystems":true},"in2DMode":false,"pivot":{"x":-182.5052490234375,"y":1.0,"z":-59.869998931884769},"rotation":{"x":0.12296963483095169,"y":0.13801535964012147,"z":-0.017284665256738664,"w":0.9826146364212036},"size":22.943429946899415,"orthographic":true}