{"cameraMode":{"drawMode":0,"name":"Shaded","section":"Shading Mode"},"sceneLighting":true,"audioPlay":false,"sceneViewState":{"showFog":true,"showMaterialUpdate":false,"showSkybox":true,"showFlares":true,"showImageEffects":true,"showParticleSystems":true},"in2DMode":false,"pivot":{"x":202.1519012451172,"y":7.830934524536133,"z":113.4847640991211},"rotation":{"x":0.09743665158748627,"y":-0.5198836922645569,"z":0.059849049896001819,"w":0.8465489745140076},"size":24.496912002563478,"orthographic":true}