{"cameraMode":{"drawMode":0,"name":"Shaded","section":"Shading Mode"},"sceneLighting":false,"audioPlay":false,"sceneViewState":{"showFog":true,"showMaterialUpdate":false,"showSkybox":false,"showFlares":true,"showImageEffects":true,"showParticleSystems":true},"in2DMode":false,"pivot":{"x":-199.39999389648438,"y":1.9980000257492066,"z":-207.39999389648438},"rotation":{"x":-0.2601391077041626,"y":-0.5722855925559998,"z":0.19793467223644257,"w":-0.7520895600318909},"size":13.634295463562012,"orthographic":true}