{"cameraMode":{"drawMode":0,"name":"Shaded","section":"Shading Mode"},"sceneLighting":false,"audioPlay":false,"sceneViewState":{"showFog":true,"showMaterialUpdate":false,"showSkybox":false,"showFlares":true,"showImageEffects":true,"showParticleSystems":true},"in2DMode":false,"pivot":{"x":123.0,"y":53.650001525878909,"z":191.39999389648438},"rotation":{"x":-0.11822361499071121,"y":-0.34229326248168948,"z":0.0435037687420845,"w":-0.9311100840568543},"size":12.565461158752442,"orthographic":false}