{"cameraMode":{"drawMode":0,"name":"Shaded","section":"Shading Mode"},"sceneLighting":true,"audioPlay":false,"sceneViewState":{"showFog":true,"showMaterialUpdate":false,"showSkybox":true,"showFlares":true,"showImageEffects":true,"showParticleSystems":true},"in2DMode":false,"pivot":{"x":-75.30224609375,"y":228.4130859375,"z":39.6915283203125},"rotation":{"x":-0.2598419189453125,"y":-0.5734132528305054,"z":0.19832471013069154,"w":-0.7512302398681641},"size":68.61675262451172,"orthographic":true}