{"cameraMode":{"drawMode":0,"name":"Shaded","section":"Shading Mode"},"sceneLighting":true,"audioPlay":false,"sceneViewState":{"showFog":false,"showMaterialUpdate":false,"showSkybox":false,"showFlares":false,"showImageEffects":false,"showParticleSystems":false},"in2DMode":false,"pivot":{"x":30.07416534423828,"y":1.3939547538757325,"z":141.87921142578126},"rotation":{"x":-0.20994409918785096,"y":-0.20857709646224976,"z":0.04593672975897789,"w":-0.9541011452674866},"size":16.02628517150879,"orthographic":true}