{"cameraMode":{"drawMode":0,"name":"Shaded","section":"Shading Mode"},"sceneLighting":true,"audioPlay":false,"sceneViewState":{"showFog":true,"showMaterialUpdate":false,"showSkybox":true,"showFlares":true,"showImageEffects":true,"showParticleSystems":true},"in2DMode":false,"pivot":{"x":179.67674255371095,"y":-5.079051494598389,"z":11.507952690124512},"rotation":{"x":0.05604865774512291,"y":-0.9335113167762756,"z":0.31195154786109927,"w":0.16763485968112946},"size":13.882140159606934,"orthographic":false}