{"cameraMode":{"drawMode":0,"name":"Shaded","section":"Shading Mode"},"sceneLighting":true,"audioPlay":false,"sceneViewState":{"showFog":false,"showMaterialUpdate":false,"showSkybox":false,"showFlares":false,"showImageEffects":false,"showParticleSystems":false},"in2DMode":false,"pivot":{"x":-0.000364729727152735,"y":0.5702469944953919,"z":0.0052150520496070389},"rotation":{"x":-0.17700700461864472,"y":0.8067627549171448,"z":-0.2987091541290283,"w":-0.47809550166130068},"size":1.8818941116333008,"orthographic":true}