{"cameraMode":{"drawMode":0,"name":"Shaded","section":"Shading Mode"},"sceneLighting":true,"audioPlay":false,"sceneViewState":{"showFog":true,"showMaterialUpdate":false,"showSkybox":true,"showFlares":true,"showImageEffects":true,"showParticleSystems":true},"in2DMode":false,"pivot":{"x":-82.30000305175781,"y":-0.19999980926513673,"z":-72.0},"rotation":{"x":0.2552659213542938,"y":0.4204246699810028,"z":-0.12456151098012924,"w":0.8617232441902161},"size":84.30757904052735,"orthographic":true}