{"cameraMode":{"drawMode":0,"name":"Shaded","section":"Shading Mode"},"sceneLighting":true,"audioPlay":false,"sceneViewState":{"showFog":true,"showMaterialUpdate":false,"showSkybox":true,"showFlares":true,"showImageEffects":true,"showParticleSystems":true},"in2DMode":false,"pivot":{"x":116.63714599609375,"y":-9.5,"z":19.086166381835939},"rotation":{"x":-0.009034866467118264,"y":0.959079921245575,"z":-0.28130990266799929,"w":-0.030803488567471505},"size":4.041658401489258,"orthographic":false}