{"cameraMode":{"drawMode":0,"name":"Shaded","section":"Shading Mode"},"sceneLighting":true,"audioPlay":false,"sceneViewState":{"showFog":true,"showMaterialUpdate":false,"showSkybox":true,"showFlares":true,"showImageEffects":true,"showParticleSystems":true},"in2DMode":false,"pivot":{"x":149.78585815429688,"y":-11.086599349975586,"z":20.050926208496095},"rotation":{"x":-0.05993873253464699,"y":-0.6995654702186585,"z":0.05914885178208351,"w":-0.7095893621444702},"size":8.333675384521485,"orthographic":false}