{"cameraMode":{"drawMode":0,"name":"Shaded","section":"Shading Mode"},"sceneLighting":false,"audioPlay":false,"sceneViewState":{"showFog":true,"showMaterialUpdate":false,"showSkybox":false,"showFlares":true,"showImageEffects":true,"showParticleSystems":true},"in2DMode":false,"pivot":{"x":148.1918487548828,"y":-8.333495140075684,"z":29.67355728149414},"rotation":{"x":0.04359939694404602,"y":-0.9437122941017151,"z":0.13828407227993012,"w":0.29729393124580386},"size":4.884708404541016,"orthographic":false}