{"cameraMode":{"drawMode":0,"name":"Shaded","section":"Shading Mode"},"sceneLighting":true,"audioPlay":false,"sceneViewState":{"showFog":true,"showMaterialUpdate":false,"showSkybox":true,"showFlares":true,"showImageEffects":true,"showParticleSystems":true},"in2DMode":false,"pivot":{"x":-147.0,"y":1.7049567699432374,"z":-49.846954345703128},"rotation":{"x":-0.17700700461864472,"y":0.8067627549171448,"z":-0.2987091541290283,"w":-0.47809550166130068},"size":14.210039138793946,"orthographic":true}