{"cameraMode":{"drawMode":0,"name":"Shaded","section":"Shading Mode"},"sceneLighting":true,"audioPlay":false,"sceneViewState":{"showFog":true,"showMaterialUpdate":false,"showSkybox":true,"showFlares":true,"showImageEffects":true,"showParticleSystems":true},"in2DMode":false,"pivot":{"x":-237.97265625,"y":3.57177734375,"z":104.8916015625},"rotation":{"x":-0.16072343289852143,"y":0.24068298935890199,"z":-0.0404365099966526,"w":-0.9563496112823486},"size":12.259162902832032,"orthographic":true}