{"cameraMode":{"drawMode":0,"name":"Shaded","section":"Shading Mode"},"sceneLighting":true,"audioPlay":false,"sceneViewState":{"showFog":false,"showMaterialUpdate":false,"showSkybox":false,"showFlares":false,"showImageEffects":false,"showParticleSystems":false},"in2DMode":false,"pivot":{"x":-229.9726104736328,"y":1.2343019247055054,"z":-225.36090087890626},"rotation":{"x":0.15313880145549775,"y":0.7348314523696899,"z":-0.17681653797626496,"w":0.636637270450592},"size":3.893079996109009,"orthographic":true}