{"cameraMode":{"drawMode":0,"name":"Shaded","section":"Shading Mode"},"sceneLighting":true,"audioPlay":false,"sceneViewState":{"showFog":false,"showMaterialUpdate":false,"showSkybox":false,"showFlares":false,"showImageEffects":false,"showParticleSystems":false},"in2DMode":false,"pivot":{"x":214.53439331054688,"y":48.690940856933597,"z":0.0},"rotation":{"x":0.13874933123588563,"y":0.005158870946615934,"z":-0.0007100010989233851,"w":0.9903138875961304},"size":276.242919921875,"orthographic":true}