{"cameraMode":{"drawMode":0,"name":"Shaded","section":"Shading Mode"},"sceneLighting":false,"audioPlay":false,"sceneViewState":{"showFog":true,"showMaterialUpdate":false,"showSkybox":false,"showFlares":true,"showImageEffects":true,"showParticleSystems":true},"in2DMode":false,"pivot":{"x":-22.944944381713868,"y":2.350609064102173,"z":-59.869998931884769},"rotation":{"x":-0.31174102425575259,"y":0.0731159895658493,"z":-0.024051880463957788,"w":-0.9470444321632385},"size":5.9531025886535648,"orthographic":true}