{"cameraMode":{"drawMode":0,"name":"Shaded","section":"Shading Mode"},"sceneLighting":false,"audioPlay":false,"sceneViewState":{"showFog":true,"showMaterialUpdate":false,"showSkybox":false,"showFlares":true,"showImageEffects":true,"showParticleSystems":true},"in2DMode":false,"pivot":{"x":-72.38688659667969,"y":0.8800000548362732,"z":106.41284942626953},"rotation":{"x":-0.16072343289852143,"y":0.24068298935890199,"z":-0.0404365099966526,"w":-0.9563496112823486},"size":7.907160758972168,"orthographic":true}