{"cameraMode":{"drawMode":0,"name":"Shaded","section":"Shading Mode"},"sceneLighting":true,"audioPlay":false,"sceneViewState":{"showFog":true,"showMaterialUpdate":false,"showSkybox":true,"showFlares":true,"showImageEffects":true,"showParticleSystems":true},"in2DMode":false,"pivot":{"x":-203.533203125,"y":10.9404296875,"z":-205.220703125},"rotation":{"x":0.2115962952375412,"y":-0.2697029411792755,"z":0.0608835369348526,"w":0.9374329447746277},"size":13.544883728027344,"orthographic":true}