{"cameraMode":{"drawMode":0,"name":"Shaded","section":"Shading Mode"},"sceneLighting":true,"audioPlay":false,"sceneViewState":{"showFog":false,"showMaterialUpdate":false,"showSkybox":false,"showFlares":false,"showImageEffects":false,"showParticleSystems":false},"in2DMode":false,"pivot":{"x":114.73999786376953,"y":0.11999998986721039,"z":109.18000030517578},"rotation":{"x":0.11088336259126663,"y":0.8877290487289429,"z":-0.3408623933792114,"w":0.28888556361198428},"size":2.388277769088745,"orthographic":true}