{"cameraMode":{"drawMode":0,"name":"Shaded","section":"Shading Mode"},"sceneLighting":false,"audioPlay":false,"sceneViewState":{"showFog":true,"showMaterialUpdate":false,"showSkybox":false,"showFlares":true,"showImageEffects":true,"showParticleSystems":true},"in2DMode":false,"pivot":{"x":149.14967346191407,"y":-9.532974243164063,"z":31.126850128173829},"rotation":{"x":-0.04561761021614075,"y":0.9505084753036499,"z":-0.25693419575691225,"w":-0.16863466799259187},"size":4.891176223754883,"orthographic":false}