{"cameraMode":{"drawMode":0,"name":"Shaded","section":"Shading Mode"},"sceneLighting":false,"audioPlay":false,"sceneViewState":{"showFog":true,"showMaterialUpdate":false,"showSkybox":false,"showFlares":true,"showImageEffects":true,"showParticleSystems":true},"in2DMode":false,"pivot":{"x":149.9304656982422,"y":-7.548239707946777,"z":30.919498443603517},"rotation":{"x":-0.058036480098962787,"y":0.8176072239875794,"z":-0.0836750939488411,"w":-0.5666998624801636},"size":5.178016662597656,"orthographic":false}