{"cameraMode":{"drawMode":0,"name":"Shaded","section":"Shading Mode"},"sceneLighting":false,"audioPlay":false,"sceneViewState":{"showFog":false,"showMaterialUpdate":false,"showSkybox":false,"showFlares":false,"showImageEffects":false,"showParticleSystems":false},"in2DMode":false,"pivot":{"x":-229.9726104736328,"y":1.2343019247055054,"z":-225.36090087890626},"rotation":{"x":0.0018400480039417744,"y":0.9958153963088989,"z":-0.08896414190530777,"w":0.02082863077521324},"size":2.694047451019287,"orthographic":true}