{"cameraMode":{"drawMode":0,"name":"Shaded","section":"Shading Mode"},"sceneLighting":false,"audioPlay":false,"sceneViewState":{"showFog":true,"showMaterialUpdate":false,"showSkybox":false,"showFlares":true,"showImageEffects":true,"showParticleSystems":true},"in2DMode":false,"pivot":{"x":204.9757080078125,"y":2.637451171875,"z":117.2138671875},"rotation":{"x":0.005498521961271763,"y":0.9917125701904297,"z":-0.04525182768702507,"w":0.1201176643371582},"size":3.1760592460632326,"orthographic":true}