{"cameraMode":{"drawMode":0,"name":"Shaded","section":"Shading Mode"},"sceneLighting":false,"audioPlay":false,"sceneViewState":{"showFog":true,"showMaterialUpdate":false,"showSkybox":false,"showFlares":true,"showImageEffects":true,"showParticleSystems":true},"in2DMode":false,"pivot":{"x":19.002727508544923,"y":1.5999999046325684,"z":-93.60870361328125},"rotation":{"x":-0.31174102425575259,"y":0.0731159895658493,"z":-0.024051880463957788,"w":-0.9470444321632385},"size":9.9742431640625,"orthographic":true}