{"cameraMode":{"drawMode":0,"name":"Shaded","section":"Shading Mode"},"sceneLighting":false,"audioPlay":false,"sceneViewState":{"showFog":true,"showMaterialUpdate":false,"showSkybox":false,"showFlares":true,"showImageEffects":true,"showParticleSystems":true},"in2DMode":false,"pivot":{"x":-0.13660532236099244,"y":1.5317026376724244,"z":0.2506061792373657},"rotation":{"x":-0.09151570498943329,"y":0.9084222316741943,"z":-0.2944985628128052,"w":-0.28224918246269228},"size":11.046236038208008,"orthographic":true}