{"cameraMode":{"drawMode":0,"name":"Shaded","section":"Shading Mode"},"sceneLighting":true,"audioPlay":false,"sceneViewState":{"showFog":true,"showMaterialUpdate":false,"showSkybox":true,"showFlares":true,"showImageEffects":true,"showParticleSystems":true},"in2DMode":false,"pivot":{"x":-213.22987365722657,"y":0.6515777111053467,"z":-189.4103546142578},"rotation":{"x":-0.21161675453186036,"y":-0.6729077696800232,"z":0.21036146581172944,"w":-0.6768763065338135},"size":137.78343200683595,"orthographic":true}