{"cameraMode":{"drawMode":0,"name":"Shaded","section":"Shading Mode"},"sceneLighting":false,"audioPlay":false,"sceneViewState":{"showFog":true,"showMaterialUpdate":false,"showSkybox":false,"showFlares":true,"showImageEffects":true,"showParticleSystems":true},"in2DMode":false,"pivot":{"x":16.334043502807618,"y":0.406625896692276,"z":-41.30894088745117},"rotation":{"x":0.2395801544189453,"y":0.6880494952201843,"z":-0.2601717710494995,"w":0.6336402893066406},"size":39.832305908203128,"orthographic":true}