{"cameraMode":{"drawMode":0,"name":"Shaded","section":"Shading Mode"},"sceneLighting":true,"audioPlay":false,"sceneViewState":{"showFog":true,"showMaterialUpdate":false,"showSkybox":true,"showFlares":true,"showImageEffects":true,"showParticleSystems":true},"in2DMode":false,"pivot":{"x":126.61418151855469,"y":-8.65000057220459,"z":26.718032836914064},"rotation":{"x":0.017717817798256875,"y":-0.9820741415023804,"z":0.12141227722167969,"w":0.14309315383434297},"size":6.883543968200684,"orthographic":false}