{"cameraMode":{"drawMode":0,"name":"Shaded","section":"Shading Mode"},"sceneLighting":true,"audioPlay":false,"sceneViewState":{"showFog":true,"showMaterialUpdate":false,"showSkybox":true,"showFlares":true,"showImageEffects":true,"showParticleSystems":true},"in2DMode":false,"pivot":{"x":-5.611083984375,"y":-5.16845703125,"z":-186.58349609375},"rotation":{"x":-0.37190043926239016,"y":0.19817160069942475,"z":-0.081618532538414,"w":-0.903192400932312},"size":5.465275764465332,"orthographic":true}