{"cameraMode":{"drawMode":0,"name":"Shaded","section":"Shading Mode"},"sceneLighting":false,"audioPlay":false,"sceneViewState":{"showFog":true,"showMaterialUpdate":false,"showSkybox":false,"showFlares":true,"showImageEffects":true,"showParticleSystems":true},"in2DMode":false,"pivot":{"x":146.5800018310547,"y":-8.282551765441895,"z":23.59650421142578},"rotation":{"x":0.0438896082341671,"y":-0.9324035048484802,"z":0.12124931067228317,"w":0.3376332223415375},"size":10.973952293395996,"orthographic":false}