{"cameraMode":{"drawMode":0,"name":"Shaded","section":"Shading Mode"},"sceneLighting":false,"audioPlay":false,"sceneViewState":{"showFog":false,"showMaterialUpdate":false,"showSkybox":false,"showFlares":false,"showImageEffects":false,"showParticleSystems":false},"in2DMode":false,"pivot":{"x":-229.89736938476563,"y":1.64398193359375,"z":-225.8990478515625},"rotation":{"x":-0.06447122991085053,"y":0.780142068862915,"z":-0.08149468898773194,"w":-0.6169119477272034},"size":1.9849215745925904,"orthographic":true}