{"cameraMode":{"drawMode":0,"name":"Shaded","section":"Shading Mode"},"sceneLighting":false,"audioPlay":false,"sceneViewState":{"showFog":true,"showMaterialUpdate":false,"showSkybox":false,"showFlares":true,"showImageEffects":true,"showParticleSystems":true},"in2DMode":false,"pivot":{"x":0.29528212547302248,"y":-0.10585141181945801,"z":0.16353321075439454},"rotation":{"x":0.0532027892768383,"y":-0.9363571405410767,"z":0.306669682264328,"w":0.16235294938087464},"size":5.252511978149414,"orthographic":false}