{"cameraMode":{"drawMode":0,"name":"Shaded","section":"Shading Mode"},"sceneLighting":true,"audioPlay":false,"sceneViewState":{"showFog":false,"showMaterialUpdate":false,"showSkybox":false,"showFlares":false,"showImageEffects":false,"showParticleSystems":false},"in2DMode":false,"pivot":{"x":205.751953125,"y":1.1599998474121094,"z":117.6629409790039},"rotation":{"x":0.14614923298358918,"y":0.01850798912346363,"z":-0.0027211285196244718,"w":0.9890856742858887},"size":4.55379056930542,"orthographic":true}