{"cameraMode":{"drawMode":0,"name":"Shaded","section":"Shading Mode"},"sceneLighting":false,"audioPlay":false,"sceneViewState":{"showFog":true,"showMaterialUpdate":false,"showSkybox":false,"showFlares":true,"showImageEffects":true,"showParticleSystems":true},"in2DMode":false,"pivot":{"x":257.5412292480469,"y":114.3488998413086,"z":8.397887229919434},"rotation":{"x":-0.023655863478779794,"y":-0.04978246986865997,"z":-0.0012490187073126436,"w":0.9984791874885559},"size":405.096435546875,"orthographic":false}