{"cameraMode":{"drawMode":0,"name":"Shaded","section":"Shading Mode"},"sceneLighting":true,"audioPlay":false,"sceneViewState":{"showFog":true,"showMaterialUpdate":false,"showSkybox":true,"showFlares":true,"showImageEffects":true,"showParticleSystems":true},"in2DMode":false,"pivot":{"x":148.66000366210938,"y":-9.15000057220459,"z":32.2756233215332},"rotation":{"x":-0.24405983090400697,"y":0.6591053605079651,"z":-0.24020154774188996,"w":-0.669565737247467},"size":9.945448875427246,"orthographic":false}