{"cameraMode":{"drawMode":0,"name":"Shaded","section":"Shading Mode"},"sceneLighting":true,"audioPlay":false,"sceneViewState":{"showFog":false,"showMaterialUpdate":false,"showSkybox":false,"showFlares":false,"showImageEffects":false,"showParticleSystems":false},"in2DMode":false,"pivot":{"x":-227.831298828125,"y":1.491973876953125,"z":-224.7579345703125},"rotation":{"x":0.04214983806014061,"y":-0.8413525819778442,"z":0.06624798476696015,"w":0.534752607345581},"size":7.6584858894348148,"orthographic":true}