{"cameraMode":{"drawMode":0,"name":"Shaded","section":"Shading Mode"},"sceneLighting":true,"audioPlay":false,"sceneViewState":{"showFog":true,"showMaterialUpdate":false,"showSkybox":true,"showFlares":true,"showImageEffects":true,"showParticleSystems":true},"in2DMode":false,"pivot":{"x":88.0570068359375,"y":90.51473236083985,"z":-61.02348327636719},"rotation":{"x":0.37774860858917239,"y":0.21793587505817414,"z":-0.09196706861257553,"w":0.8951826095581055},"size":26.674774169921876,"orthographic":false}