{"cameraMode":{"drawMode":0,"name":"Shaded","section":"Shading Mode"},"sceneLighting":true,"audioPlay":false,"sceneViewState":{"showFog":true,"showMaterialUpdate":false,"showSkybox":true,"showFlares":true,"showImageEffects":true,"showParticleSystems":true},"in2DMode":false,"pivot":{"x":156.52362060546876,"y":15.525089263916016,"z":115.32199096679688},"rotation":{"x":0.5122668147087097,"y":0.3605177402496338,"z":-0.25014203786849978,"w":0.7382673025131226},"size":55.87006759643555,"orthographic":true}