{"cameraMode":{"drawMode":0,"name":"Shaded","section":"Shading Mode"},"sceneLighting":false,"audioPlay":false,"sceneViewState":{"showFog":true,"showMaterialUpdate":false,"showSkybox":false,"showFlares":true,"showImageEffects":true,"showParticleSystems":true},"in2DMode":false,"pivot":{"x":148.66000366210938,"y":-9.869999885559082,"z":30.59000015258789},"rotation":{"x":-0.13147547841072083,"y":0.8013118505477905,"z":-0.19100238382816316,"w":-0.5514813661575317},"size":4.357883930206299,"orthographic":false}