{"cameraMode":{"drawMode":0,"name":"Shaded","section":"Shading Mode"},"sceneLighting":true,"audioPlay":false,"sceneViewState":{"showFog":false,"showMaterialUpdate":false,"showSkybox":false,"showFlares":false,"showImageEffects":false,"showParticleSystems":false},"in2DMode":false,"pivot":{"x":205.497802734375,"y":1.1201171875,"z":117.5516357421875},"rotation":{"x":-0.016827259212732316,"y":-0.9614285230636597,"z":0.06035751849412918,"w":-0.267822802066803},"size":2.1084258556365969,"orthographic":true}