{"cameraMode":{"drawMode":0,"name":"Shaded","section":"Shading Mode"},"sceneLighting":true,"audioPlay":false,"sceneViewState":{"showFog":true,"showMaterialUpdate":false,"showSkybox":true,"showFlares":true,"showImageEffects":true,"showParticleSystems":true},"in2DMode":false,"pivot":{"x":126.61418151855469,"y":-8.65000057220459,"z":3.890000104904175},"rotation":{"x":0.29769596457481387,"y":0.17708304524421693,"z":-0.05629729479551315,"w":0.9364023208618164},"size":22.0,"orthographic":false}