{"cameraMode":{"drawMode":0,"name":"Shaded","section":"Shading Mode"},"sceneLighting":true,"audioPlay":false,"sceneViewState":{"showFog":true,"showMaterialUpdate":false,"showSkybox":true,"showFlares":true,"showImageEffects":true,"showParticleSystems":true},"in2DMode":false,"pivot":{"x":-147.0,"y":0.9600000381469727,"z":85.0989990234375},"rotation":{"x":-0.20922207832336427,"y":-0.6963791251182556,"z":0.2246159315109253,"w":-0.6487140655517578},"size":30.236284255981447,"orthographic":true}