{"cameraMode":{"drawMode":0,"name":"Shaded","section":"Shading Mode"},"sceneLighting":false,"audioPlay":false,"sceneViewState":{"showFog":false,"showMaterialUpdate":false,"showSkybox":false,"showFlares":false,"showImageEffects":false,"showParticleSystems":false},"in2DMode":false,"pivot":{"x":1.5040136575698853,"y":-0.577447772026062,"z":-0.20233428478240968},"rotation":{"x":0.06222018972039223,"y":-0.9298820495605469,"z":0.31135234236717226,"w":0.1857629120349884},"size":8.002074241638184,"orthographic":true}