{"cameraMode":{"drawMode":0,"name":"Shaded","section":"Shading Mode"},"sceneLighting":false,"audioPlay":false,"sceneViewState":{"showFog":true,"showMaterialUpdate":false,"showSkybox":false,"showFlares":true,"showImageEffects":true,"showParticleSystems":true},"in2DMode":false,"pivot":{"x":0.16997471451759339,"y":0.21979844570159913,"z":0.12513107061386109},"rotation":{"x":-0.006110429298132658,"y":-0.9614141583442688,"z":0.2741820216178894,"w":-0.021676145493984224},"size":0.9873024821281433,"orthographic":false}