{"cameraMode":{"drawMode":0,"name":"Shaded","section":"Shading Mode"},"sceneLighting":true,"audioPlay":false,"sceneViewState":{"showFog":false,"showMaterialUpdate":false,"showSkybox":false,"showFlares":false,"showImageEffects":false,"showParticleSystems":false},"in2DMode":false,"pivot":{"x":-230.10601806640626,"y":0.916259765625,"z":-226.080810546875},"rotation":{"x":0.009133690036833287,"y":0.9522297978401184,"z":-0.02857154794037342,"w":0.3039056062698364},"size":2.217207193374634,"orthographic":true}