{"cameraMode":{"drawMode":0,"name":"Shaded","section":"Shading Mode"},"sceneLighting":false,"audioPlay":false,"sceneViewState":{"showFog":true,"showMaterialUpdate":false,"showSkybox":false,"showFlares":true,"showImageEffects":true,"showParticleSystems":true},"in2DMode":false,"pivot":{"x":0.0,"y":1.530574917793274,"z":0.03999972343444824},"rotation":{"x":-0.17700700461864472,"y":0.8067627549171448,"z":-0.2987091541290283,"w":-0.47809550166130068},"size":18.478958129882814,"orthographic":true}