{"cameraMode":{"drawMode":0,"name":"Shaded","section":"Shading Mode"},"sceneLighting":true,"audioPlay":false,"sceneViewState":{"showFog":true,"showMaterialUpdate":false,"showSkybox":true,"showFlares":true,"showImageEffects":true,"showParticleSystems":true},"in2DMode":false,"pivot":{"x":87.3531723022461,"y":1.0799999237060547,"z":-200.40969848632813},"rotation":{"x":-0.25260964035987856,"y":0.24954853951931,"z":-0.06773378700017929,"w":-0.9323766231536865},"size":4.041658401489258,"orthographic":true}