{"cameraMode":{"drawMode":0,"name":"Shaded","section":"Shading Mode"},"sceneLighting":true,"audioPlay":false,"sceneViewState":{"showFog":true,"showMaterialUpdate":false,"showSkybox":true,"showFlares":true,"showImageEffects":true,"showParticleSystems":true},"in2DMode":false,"pivot":{"x":138.7001953125,"y":-3.700000047683716,"z":33.166229248046878},"rotation":{"x":-0.06923547387123108,"y":-0.023345567286014558,"z":0.0016074541490525008,"w":-0.9973258376121521},"size":22.0,"orthographic":false}