{"cameraMode":{"drawMode":0,"name":"Shaded","section":"Shading Mode"},"sceneLighting":true,"audioPlay":false,"sceneViewState":{"showFog":false,"showMaterialUpdate":false,"showSkybox":false,"showFlares":false,"showImageEffects":false,"showParticleSystems":false},"in2DMode":false,"pivot":{"x":-229.9726104736328,"y":1.2343019247055054,"z":-225.36090087890626},"rotation":{"x":0.15313881635665894,"y":0.7348315119743347,"z":-0.17681655287742616,"w":0.6366373300552368},"size":3.893079996109009,"orthographic":true}