{"cameraMode":{"drawMode":0,"name":"Shaded","section":"Shading Mode"},"sceneLighting":true,"audioPlay":false,"sceneViewState":{"showFog":true,"showMaterialUpdate":false,"showSkybox":true,"showFlares":true,"showImageEffects":true,"showParticleSystems":true},"in2DMode":false,"pivot":{"x":190.29443359375,"y":66.55859375,"z":114.1552734375},"rotation":{"x":0.5582771897315979,"y":0.388761967420578,"z":-0.33218687772750857,"w":0.6533318758010864},"size":19.82988739013672,"orthographic":true}