{"cameraMode":{"drawMode":0,"name":"Shaded","section":"Shading Mode"},"sceneLighting":false,"audioPlay":false,"sceneViewState":{"showFog":true,"showMaterialUpdate":false,"showSkybox":false,"showFlares":true,"showImageEffects":true,"showParticleSystems":true},"in2DMode":false,"pivot":{"x":0.1559320092201233,"y":0.21029263734817506,"z":0.13040530681610108},"rotation":{"x":-0.006110429298132658,"y":-0.9614141583442688,"z":0.2741820216178894,"w":-0.021676145493984224},"size":1.0535402297973633,"orthographic":false}