{"cameraMode":{"drawMode":0,"name":"Shaded","section":"Shading Mode"},"sceneLighting":false,"audioPlay":false,"sceneViewState":{"showFog":true,"showMaterialUpdate":false,"showSkybox":false,"showFlares":true,"showImageEffects":true,"showParticleSystems":true},"in2DMode":false,"pivot":{"x":0.0027267932891845705,"y":1.6630662679672242,"z":-0.0085563063621521},"rotation":{"x":-0.0066806538961827759,"y":0.9931222200393677,"z":-0.07162702083587647,"w":-0.09237563610076904},"size":2.7776296138763429,"orthographic":true}