{"cameraMode":{"drawMode":0,"name":"Shaded","section":"Shading Mode"},"sceneLighting":true,"audioPlay":false,"sceneViewState":{"showFog":false,"showMaterialUpdate":false,"showSkybox":false,"showFlares":false,"showImageEffects":false,"showParticleSystems":false},"in2DMode":false,"pivot":{"x":205.751953125,"y":1.167374849319458,"z":117.6629409790039},"rotation":{"x":0.10542061924934387,"y":0.07205083221197128,"z":0.0076946355402469639,"w":-0.9917842745780945},"size":3.884158134460449,"orthographic":true}