{"cameraMode":{"drawMode":0,"name":"Shaded","section":"Shading Mode"},"sceneLighting":true,"audioPlay":false,"sceneViewState":{"showFog":true,"showMaterialUpdate":false,"showSkybox":true,"showFlares":true,"showImageEffects":true,"showParticleSystems":true},"in2DMode":false,"pivot":{"x":116.63714599609375,"y":-9.5,"z":19.086166381835939},"rotation":{"x":0.05190605670213699,"y":-0.8421713709831238,"z":0.0823628231883049,"w":0.5303485989570618},"size":5.853749752044678,"orthographic":false}