{"cameraMode":{"drawMode":0,"name":"Shaded","section":"Shading Mode"},"sceneLighting":true,"audioPlay":false,"sceneViewState":{"showFog":true,"showMaterialUpdate":false,"showSkybox":true,"showFlares":true,"showImageEffects":true,"showParticleSystems":true},"in2DMode":false,"pivot":{"x":118.22473907470703,"y":-9.752273559570313,"z":18.85822105407715},"rotation":{"x":0.05190605670213699,"y":-0.8421713709831238,"z":0.0823628231883049,"w":0.5303485989570618},"size":4.371870040893555,"orthographic":false}