{"cameraMode":{"drawMode":0,"name":"Shaded","section":"Shading Mode"},"sceneLighting":false,"audioPlay":false,"sceneViewState":{"showFog":true,"showMaterialUpdate":false,"showSkybox":false,"showFlares":true,"showImageEffects":true,"showParticleSystems":true},"in2DMode":false,"pivot":{"x":61.48236846923828,"y":119.99174499511719,"z":6.436714172363281},"rotation":{"x":0.04528789594769478,"y":0.016791244968771936,"z":-0.0007636809023097158,"w":0.9988325834274292},"size":94.22875213623047,"orthographic":false}