{"cameraMode":{"drawMode":0,"name":"Shaded","section":"Shading Mode"},"sceneLighting":false,"audioPlay":false,"sceneViewState":{"showFog":true,"showMaterialUpdate":false,"showSkybox":false,"showFlares":true,"showImageEffects":true,"showParticleSystems":true},"in2DMode":false,"pivot":{"x":18.9998722076416,"y":1.6100001335144044,"z":-51.892913818359378},"rotation":{"x":0.05235002562403679,"y":0.7950275540351868,"z":-0.0693499743938446,"w":0.600317656993866},"size":6.612776279449463,"orthographic":true}