{"cameraMode":{"drawMode":0,"name":"Shaded","section":"Shading Mode"},"sceneLighting":false,"audioPlay":false,"sceneViewState":{"showFog":true,"showMaterialUpdate":false,"showSkybox":false,"showFlares":true,"showImageEffects":true,"showParticleSystems":true},"in2DMode":false,"pivot":{"x":159.0212860107422,"y":-8.309000015258789,"z":34.08543395996094},"rotation":{"x":-0.005624915473163128,"y":0.6642489433288574,"z":-0.00497367512434721,"w":-0.7474737167358398},"size":4.028677463531494,"orthographic":false}