{"cameraMode":{"drawMode":0,"name":"Shaded","section":"Shading Mode"},"sceneLighting":false,"audioPlay":false,"sceneViewState":{"showFog":false,"showMaterialUpdate":false,"showSkybox":false,"showFlares":false,"showImageEffects":false,"showParticleSystems":false},"in2DMode":false,"pivot":{"x":-229.89736938476563,"y":1.64398193359375,"z":-225.8990478515625},"rotation":{"x":-0.06447123736143112,"y":0.7801421284675598,"z":-0.08149469643831253,"w":-0.6169120073318481},"size":1.9849215745925904,"orthographic":true}