{"cameraMode":{"drawMode":0,"name":"Shaded","section":"Shading Mode"},"sceneLighting":false,"audioPlay":false,"sceneViewState":{"showFog":true,"showMaterialUpdate":false,"showSkybox":false,"showFlares":true,"showImageEffects":true,"showParticleSystems":true},"in2DMode":false,"pivot":{"x":123.0,"y":53.650001525878909,"z":191.39999389648438},"rotation":{"x":-0.14828848838806153,"y":-0.13726721704006196,"z":0.02082795836031437,"w":-0.9791499376296997},"size":9.786783218383789,"orthographic":false}