{"cameraMode":{"drawMode":0,"name":"Shaded","section":"Shading Mode"},"sceneLighting":true,"audioPlay":false,"sceneViewState":{"showFog":true,"showMaterialUpdate":false,"showSkybox":true,"showFlares":true,"showImageEffects":true,"showParticleSystems":true},"in2DMode":false,"pivot":{"x":-213.89999389648438,"y":1.760000228881836,"z":-188.5},"rotation":{"x":-0.3621804118156433,"y":0.07866512984037399,"z":-0.03070310316979885,"w":-0.9282750487327576},"size":62.482452392578128,"orthographic":true}