{"cameraMode":{"drawMode":0,"name":"Shaded","section":"Shading Mode"},"sceneLighting":false,"audioPlay":false,"sceneViewState":{"showFog":true,"showMaterialUpdate":false,"showSkybox":false,"showFlares":true,"showImageEffects":true,"showParticleSystems":true},"in2DMode":false,"pivot":{"x":0.010834693908691407,"y":1.8674588203430176,"z":0.09108161926269531},"rotation":{"x":-0.0034287667367607357,"y":-0.996482253074646,"z":0.06586309522390366,"w":-0.051704149693250659},"size":18.20087432861328,"orthographic":true}