{"cameraMode":{"drawMode":0,"name":"Shaded","section":"Shading Mode"},"sceneLighting":false,"audioPlay":false,"sceneViewState":{"showFog":true,"showMaterialUpdate":false,"showSkybox":false,"showFlares":true,"showImageEffects":true,"showParticleSystems":true},"in2DMode":false,"pivot":{"x":0.019989013671875,"y":0.7550048828125,"z":0.0859994888305664},"rotation":{"x":-0.002145041711628437,"y":0.9979192614555359,"z":-0.04374384880065918,"w":-0.04731873795390129},"size":6.211779594421387,"orthographic":false}