{"cameraMode":{"drawMode":0,"name":"Shaded","section":"Shading Mode"},"sceneLighting":true,"audioPlay":false,"sceneViewState":{"showFog":true,"showMaterialUpdate":false,"showSkybox":true,"showFlares":true,"showImageEffects":true,"showParticleSystems":true},"in2DMode":false,"pivot":{"x":-147.0,"y":0.9600000381469727,"z":-47.07600784301758},"rotation":{"x":0.013258521445095539,"y":0.9852582812309265,"z":-0.09040555357933045,"w":0.14462828636169434},"size":14.964810371398926,"orthographic":true}