{"cameraMode":{"drawMode":0,"name":"Shaded","section":"Shading Mode"},"sceneLighting":true,"audioPlay":false,"sceneViewState":{"showFog":true,"showMaterialUpdate":false,"showSkybox":true,"showFlares":true,"showImageEffects":true,"showParticleSystems":true},"in2DMode":false,"pivot":{"x":126.61418151855469,"y":-8.65000057220459,"z":93.30000305175781},"rotation":{"x":-0.44251564145088198,"y":0.1928642988204956,"z":-0.09806807339191437,"w":-0.8702677488327026},"size":34.29460525512695,"orthographic":false}