{"cameraMode":{"drawMode":0,"name":"Shaded","section":"Shading Mode"},"sceneLighting":true,"audioPlay":false,"sceneViewState":{"showFog":false,"showMaterialUpdate":false,"showSkybox":false,"showFlares":false,"showImageEffects":false,"showParticleSystems":false},"in2DMode":false,"pivot":{"x":119.3583984375,"y":0.676025390625,"z":116.12109375},"rotation":{"x":-0.14474889636039735,"y":0.8490422964096069,"z":-0.29938873648643496,"w":-0.41053783893585207},"size":2.2506422996520998,"orthographic":true}