{"cameraMode":{"drawMode":0,"name":"Shaded","section":"Shading Mode"},"sceneLighting":false,"audioPlay":false,"sceneViewState":{"showFog":true,"showMaterialUpdate":false,"showSkybox":false,"showFlares":true,"showImageEffects":true,"showParticleSystems":true},"in2DMode":false,"pivot":{"x":159.0212860107422,"y":-8.309000015258789,"z":34.08543395996094},"rotation":{"x":-0.031234119087457658,"y":0.9677141308784485,"z":-0.1522047221660614,"w":-0.1984630525112152},"size":4.704097270965576,"orthographic":false}