{"cameraMode":{"drawMode":0,"name":"Shaded","section":"Shading Mode"},"sceneLighting":true,"audioPlay":false,"sceneViewState":{"showFog":false,"showMaterialUpdate":false,"showSkybox":false,"showFlares":false,"showImageEffects":false,"showParticleSystems":false},"in2DMode":false,"pivot":{"x":-236.19000244140626,"y":6.380000114440918,"z":102.12000274658203},"rotation":{"x":-0.33431532979011538,"y":0.45543384552001955,"z":-0.18962040543556214,"w":-0.8030301332473755},"size":34.29460525512695,"orthographic":true}