{"cameraMode":{"drawMode":0,"name":"Shaded","section":"Shading Mode"},"sceneLighting":true,"audioPlay":false,"sceneViewState":{"showFog":true,"showMaterialUpdate":false,"showSkybox":true,"showFlares":true,"showImageEffects":true,"showParticleSystems":true},"in2DMode":false,"pivot":{"x":146.44082641601563,"y":-8.856476783752442,"z":19.770158767700197},"rotation":{"x":-0.018290648236870767,"y":-0.041767995804548267,"z":0.0008044994901865721,"w":-0.9989596009254456},"size":7.629573345184326,"orthographic":false}