{"cameraMode":{"drawMode":0,"name":"Shaded","section":"Shading Mode"},"sceneLighting":false,"audioPlay":false,"sceneViewState":{"showFog":true,"showMaterialUpdate":false,"showSkybox":false,"showFlares":true,"showImageEffects":true,"showParticleSystems":true},"in2DMode":false,"pivot":{"x":-91.08999633789063,"y":282.20001220703127,"z":0.0},"rotation":{"x":0.04528789594769478,"y":0.016791244968771936,"z":-0.0007636809023097158,"w":0.9988325834274292},"size":1133.7381591796875,"orthographic":false}