{"cameraMode":{"drawMode":0,"name":"Shaded","section":"Shading Mode"},"sceneLighting":false,"audioPlay":false,"sceneViewState":{"showFog":true,"showMaterialUpdate":false,"showSkybox":false,"showFlares":true,"showImageEffects":true,"showParticleSystems":true},"in2DMode":false,"pivot":{"x":-157.45179748535157,"y":2.520000457763672,"z":-198.52383422851563},"rotation":{"x":-0.2601391077041626,"y":-0.5722855925559998,"z":0.19793467223644257,"w":-0.7520895600318909},"size":12.854340553283692,"orthographic":true}