{"cameraMode":{"drawMode":0,"name":"Shaded","section":"Shading Mode"},"sceneLighting":true,"audioPlay":false,"sceneViewState":{"showFog":false,"showMaterialUpdate":false,"showSkybox":false,"showFlares":false,"showImageEffects":false,"showParticleSystems":false},"in2DMode":false,"pivot":{"x":-238.36959838867188,"y":0.8514997959136963,"z":106.39283752441406},"rotation":{"x":-0.13083802163600923,"y":0.7378779053688049,"z":-0.14963196218013764,"w":-0.6450023055076599},"size":8.145095825195313,"orthographic":true}