{"cameraMode":{"drawMode":0,"name":"Shaded","section":"Shading Mode"},"sceneLighting":false,"audioPlay":false,"sceneViewState":{"showFog":true,"showMaterialUpdate":false,"showSkybox":false,"showFlares":true,"showImageEffects":true,"showParticleSystems":true},"in2DMode":false,"pivot":{"x":4.954564094543457,"y":9.729082107543946,"z":2.8206119537353517},"rotation":{"x":0.006095485761761665,"y":-0.9908284544944763,"z":-0.04758434370160103,"w":-0.12632356584072114},"size":12.635221481323243,"orthographic":false}