{"cameraMode":{"drawMode":0,"name":"Shaded","section":"Shading Mode"},"sceneLighting":true,"audioPlay":false,"sceneViewState":{"showFog":true,"showMaterialUpdate":false,"showSkybox":true,"showFlares":true,"showImageEffects":true,"showParticleSystems":true},"in2DMode":false,"pivot":{"x":125.69999694824219,"y":-9.4399995803833,"z":31.87000274658203},"rotation":{"x":-0.25935161113739016,"y":0.22536633908748628,"z":-0.06233992800116539,"w":-0.9370488524436951},"size":37.805091857910159,"orthographic":false}