{"cameraMode":{"drawMode":0,"name":"Shaded","section":"Shading Mode"},"sceneLighting":true,"audioPlay":false,"sceneViewState":{"showFog":true,"showMaterialUpdate":false,"showSkybox":true,"showFlares":true,"showImageEffects":true,"showParticleSystems":true},"in2DMode":false,"pivot":{"x":147.13330078125,"y":16.771013259887697,"z":35.63031768798828},"rotation":{"x":-0.5070704221725464,"y":0.23916706442832948,"z":-0.14889973402023316,"w":-0.8145597577095032},"size":62.14973068237305,"orthographic":false}