{"cameraMode":{"drawMode":0,"name":"Shaded","section":"Shading Mode"},"sceneLighting":false,"audioPlay":false,"sceneViewState":{"showFog":true,"showMaterialUpdate":false,"showSkybox":false,"showFlares":true,"showImageEffects":true,"showParticleSystems":true},"in2DMode":false,"pivot":{"x":148.66000366210938,"y":-9.59000015258789,"z":35.51399230957031},"rotation":{"x":-0.11037074029445648,"y":0.8297945857048035,"z":-0.17685243487358094,"w":-0.5176702737808228},"size":29.98826026916504,"orthographic":false}