{"cameraMode":{"drawMode":0,"name":"Shaded","section":"Shading Mode"},"sceneLighting":true,"audioPlay":false,"sceneViewState":{"showFog":false,"showMaterialUpdate":false,"showSkybox":false,"showFlares":false,"showImageEffects":false,"showParticleSystems":false},"in2DMode":false,"pivot":{"x":205.751953125,"y":1.2314996719360352,"z":117.6629409790039},"rotation":{"x":-0.23223237693309785,"y":0.3752942681312561,"z":-0.0977245643734932,"w":-0.8920046091079712},"size":26.9627742767334,"orthographic":true}