{"cameraMode":{"drawMode":0,"name":"Shaded","section":"Shading Mode"},"sceneLighting":true,"audioPlay":false,"sceneViewState":{"showFog":true,"showMaterialUpdate":false,"showSkybox":true,"showFlares":true,"showImageEffects":true,"showParticleSystems":true},"in2DMode":false,"pivot":{"x":205.8000030517578,"y":1.922375202178955,"z":117.64999389648438},"rotation":{"x":-0.003742072032764554,"y":-0.9962614178657532,"z":0.05984741076827049,"w":-0.06219004839658737},"size":5.582147598266602,"orthographic":true}