{"cameraMode":{"drawMode":0,"name":"Shaded","section":"Shading Mode"},"sceneLighting":false,"audioPlay":false,"sceneViewState":{"showFog":true,"showMaterialUpdate":false,"showSkybox":false,"showFlares":true,"showImageEffects":true,"showParticleSystems":true},"in2DMode":false,"pivot":{"x":-71.45631408691406,"y":-596.5048828125,"z":149.126220703125},"rotation":{"x":0.18580403923988343,"y":-0.6231676340103149,"z":0.1556311398744583,"w":0.7435845732688904},"size":25.113300323486329,"orthographic":false}