{"cameraMode":{"drawMode":0,"name":"Shaded","section":"Shading Mode"},"sceneLighting":false,"audioPlay":false,"sceneViewState":{"showFog":true,"showMaterialUpdate":false,"showSkybox":false,"showFlares":true,"showImageEffects":true,"showParticleSystems":true},"in2DMode":false,"pivot":{"x":0.010834693908691407,"y":1.8674588203430176,"z":0.09108161926269531},"rotation":{"x":-0.003428766969591379,"y":-0.9964823126792908,"z":0.06586310267448425,"w":-0.051704153418540958},"size":18.20087432861328,"orthographic":true}