{"cameraMode":{"drawMode":0,"name":"Shaded","section":"Shading Mode"},"sceneLighting":false,"audioPlay":false,"sceneViewState":{"showFog":true,"showMaterialUpdate":false,"showSkybox":false,"showFlares":true,"showImageEffects":true,"showParticleSystems":true},"in2DMode":false,"pivot":{"x":206.29551696777345,"y":1.3389484882354737,"z":117.55413818359375},"rotation":{"x":0.0004499263595789671,"y":0.9995661377906799,"z":-0.02159416861832142,"w":0.020029276609420778},"size":4.949429512023926,"orthographic":true}