{"cameraMode":{"drawMode":0,"name":"Shaded","section":"Shading Mode"},"sceneLighting":true,"audioPlay":false,"sceneViewState":{"showFog":true,"showMaterialUpdate":false,"showSkybox":true,"showFlares":true,"showImageEffects":true,"showParticleSystems":true},"in2DMode":false,"pivot":{"x":206.4499969482422,"y":0.0,"z":132.9980010986328},"rotation":{"x":0.0004973537870682776,"y":-0.9981992840766907,"z":-0.059362221509218219,"w":-0.008612114004790783},"size":4.535730361938477,"orthographic":true}