{"cameraMode":{"drawMode":0,"name":"Shaded","section":"Shading Mode"},"sceneLighting":true,"audioPlay":false,"sceneViewState":{"showFog":true,"showMaterialUpdate":false,"showSkybox":true,"showFlares":true,"showImageEffects":true,"showParticleSystems":true},"in2DMode":false,"pivot":{"x":146.5800018310547,"y":-9.340137481689454,"z":20.299301147460939},"rotation":{"x":-0.4870655834674835,"y":-0.09117435663938523,"z":0.05126142501831055,"w":-0.8670794367790222},"size":20.062681198120118,"orthographic":false}