{"cameraMode":{"drawMode":0,"name":"Shaded","section":"Shading Mode"},"sceneLighting":false,"audioPlay":false,"sceneViewState":{"showFog":true,"showMaterialUpdate":false,"showSkybox":false,"showFlares":true,"showImageEffects":true,"showParticleSystems":true},"in2DMode":false,"pivot":{"x":294.501708984375,"y":202.51087951660157,"z":-1.315673828125},"rotation":{"x":0.009309369139373303,"y":-0.00869014672935009,"z":0.00007855733565520495,"w":0.9999189376831055},"size":191.25143432617188,"orthographic":false}