{"cameraMode":{"drawMode":0,"name":"Shaded","section":"Shading Mode"},"sceneLighting":false,"audioPlay":false,"sceneViewState":{"showFog":false,"showMaterialUpdate":false,"showSkybox":false,"showFlares":false,"showImageEffects":false,"showParticleSystems":false},"in2DMode":false,"pivot":{"x":-229.09326171875,"y":1.4387083053588868,"z":-225.93385314941407},"rotation":{"x":-0.09148747473955155,"y":0.6923586130142212,"z":-0.08916455507278443,"w":-0.7101544141769409},"size":9.028741836547852,"orthographic":true}