{"cameraMode":{"drawMode":0,"name":"Shaded","section":"Shading Mode"},"sceneLighting":true,"audioPlay":false,"sceneViewState":{"showFog":true,"showMaterialUpdate":false,"showSkybox":true,"showFlares":true,"showImageEffects":true,"showParticleSystems":true},"in2DMode":false,"pivot":{"x":138.010009765625,"y":-7.929999351501465,"z":31.698001861572267},"rotation":{"x":-0.305396169424057,"y":0.16514748334884644,"z":-0.05386986583471298,"w":-0.9362465739250183},"size":12.423529624938965,"orthographic":false}