{"cameraMode":{"drawMode":0,"name":"Shaded","section":"Shading Mode"},"sceneLighting":true,"audioPlay":false,"sceneViewState":{"showFog":false,"showMaterialUpdate":false,"showSkybox":false,"showFlares":false,"showImageEffects":false,"showParticleSystems":false},"in2DMode":false,"pivot":{"x":205.7074432373047,"y":0.4174114465713501,"z":118.43980407714844},"rotation":{"x":0.06870752573013306,"y":-0.9297282695770264,"z":0.2821123003959656,"w":0.22648929059505464},"size":3.8272793292999269,"orthographic":true}