{"cameraMode":{"drawMode":0,"name":"Shaded","section":"Shading Mode"},"sceneLighting":true,"audioPlay":false,"sceneViewState":{"showFog":true,"showMaterialUpdate":false,"showSkybox":true,"showFlares":true,"showImageEffects":true,"showParticleSystems":true},"in2DMode":false,"pivot":{"x":126.61418151855469,"y":-8.65000057220459,"z":26.718032836914064},"rotation":{"x":0.4349789619445801,"y":0.17315912246704102,"z":-0.08564276248216629,"w":0.8794740438461304},"size":34.29460525512695,"orthographic":false}